昵称,微博链接,微信公众号,蚂蜂窝自由行,穷游网,百度旅游,携程旅行,途牛旅行网,同程旅行网,乐途旅行网,去哪儿网,驴妈妈旅行网,艺龙旅行网,天天快报,今日头条,搜狐自媒体,一点资讯,百度百家,百家号,新浪看点,UC订阅号,新浪博客,腾讯博客,搜狐博客,网易博客,和讯博客,搜狐视频,腾讯视频,优酷视频,美拍,秒拍,一直播,斗鱼直播,映客,花椒直播,喜马拉雅,红豆Live,蜻蜓FM,荔枝FM,考拉FM
凯德印象,http://weibo.com/u/1918611551,,http://www.mafengwo.cn/u/773299.html,http://www.qyer.com/u/3521172,http://lvyou.baidu.com/user/c990c524def8cead18e5f4ac,http://you.ctrip.com/members/kdimage,,,http://zhuanlan.lotour.com/42,,,http://lvyou.elong.com/5242537/,http://kuaibao.qq.com/s/MEDIANEWSLIST?chlid=15264,http://www.toutiao.com/m3693279434/,http://mp.i.sohu.com/1918611551/profile,http://www.yidianzixun.com/home?page=channel&id=m29747,,http://baijiahao.baidu.com/u?app_id=1548513761004714,,,http://blog.sina.com.cn/kdpark,,,,,http://my.tv.sohu.com/user/54919391,http://v.qq.com/vplus/kdimage,http://i.youku.com/u/UMjkwNDU5MTY=,http://www.meipai.com/user/32171552,http://www.yixia.com/u/paike_60cb2bpwty,http://www.yizhibo.com/member/personel/user_info?memberid=35222122&nest_url=,,,,http://www.ximalaya.com/14674092/album/2768788,https://live.hongdoulive.com/room/964981324941099013,http://m.qingting.fm/podcasters/31448,,http://www.kaolafm.com/zj/U0j6rLxp.html
大卫行摄,http://weibo.com/u/1678446463,,,,,,,,,,,,http://kuaibao.qq.com/s/MEDIANEWSLIST?chlid=5087968,http://www.toutiao.com/m6272048732/,http://mp.sohu.com/profile?xpt=a2RpbWFnZWRhdmlkQHNvaHUuY29t,http://www.yidianzixun.com/home?page=channel&id=m84362,https://baijiahao.baidu.com/u?app_id=1548669880999967&fr=bjharticle&wfr=spider,http://baijiahao.baidu.com/u?app_id=1548669880999967,,,,,,,,,,,,,http://www.yizhibo.com/member/personel/user_info?memberid=46305257&nest_url=,,,,,,,,
张大枪,http://weibo.com/u/1840272734,,http://www.mafengwo.cn/u/biggun.html,http://www.qyer.com/u/1709903,https://lvyou.baidu.com/user/9fe819607f2494527c01d45d,http://you.ctrip.com/members/CE0D0FC0D0644A01B26C8BD2F2B43400/journals,,,,,,,,,,,,,,,,,,,,,,http://i.youku.com/i/UMTM5NjUzNjkxNg==?spm=a2h0k.8191405.0.0.Jh9tNd,,http://www.yixia.com/u/paike_pecu4z5zn7,http://www.yizhibo.com/member/personel/user_info?memberid=51376696,,,,,,,,
鱼鱼众生liluo,http://weibo.com/u/3028556991,,http://www.mafengwo.cn/u/5646072.html,,,http://you.ctrip.com/travellers/traveller-column.html?userid=2817514,,http://go.ly.com/user/85dfb747ebb5b32d4d5b3126402567ae/,http://zhuanlan.lotour.com/89,,,http://lvyou.elong.com/5263441/,http://kuaibao.qq.com/s/MEDIANEWSLIST?chlid=5134815,http://www.toutiao.com/m4438939156/,http://mp.sohu.com/profile?xpt=MzAyODU1Njk5MUBzaW5hLnNvaHUuY29t,http://mp.yidianzixun.com/,,,,,,,,,,,,http://i.youku.com/i/UMTA0OTY5NTQ4?spm=a2h0k.8191405.0.0.pWBXvS,,http://www.yixia.com/u/paike_9zgjz1xt9g,http://www.yizhibo.com/member/personel/user_info?memberid=57684760&nest_url=,,,,,,,,
游向蓝天的鱼,http://weibo.com/u/1295470094,,http://www.mafengwo.cn/u/arealyu.html,,,http://you.ctrip.com/members/C36F44D3D4E84D24A80A0B09BF52056A/journals,http://www.tuniu.com/person/933C91EF65E3CE9F060BA46A87E81227,,,,,,,http://www.toutiao.com/m3694805854/,http://mp.sohu.com/profile?xpt=MTI5NTQ3MDA5NEBzaW5hLnNvaHUuY29t,,,,,,,,,,,,,,,http://www.yixia.com/u/paike_898n3ez173,http://www.yizhibo.com/member/personel/user_info?memberid=46698475&nest_url=,,,,,,,,
小小莎老师,http://weibo.com/shaqisun,,http://www.mafengwo.cn/u/80825723.html,http://www.qyer.com/u/2505018,https://lvyou.baidu.com/user/acd1cb88eccfc6edc9de56dc,,http://www.tuniu.com/person/DE3B039FB59FF295B511E85CAB502D7B,http://go.ly.com/user/36c4250e511872191c70db06f2a813a9/,,http://tips.qunar.com/user/profile/145765347.htm,,,,http://www.toutiao.com/m6901648676/,,,,,,,,,,,,,http://v.qq.com/vplus/d8eb597e5022c9e9f5b4cb69d2266a89,http://i.youku.com/i/UMjk4OTcxMTMxMg==?spm=a2h0k.8191405.0.0,http://www.meipai.com/user/39720871,http://www.yixia.com/u/paike_sharxwh25u,http://yizhibo.com/member/personel/user_info?memberid=54504455,,,,,,,,
任紫玉ziyu,http://weibo.com/u/1820485935,,,,,http://you.ctrip.com/members/7B2022CA7A1B4ED689CE4ACD1D9D8448/journals,,,http://zhuanlan.lotour.com/98/,,,,http://kuaibao.qq.com/s/MEDIANEWSLIST?chlid=5094050,http://www.toutiao.com/m4175997037/,http://mp.sohu.com/profile?xpt=MTgyMDQ4NTkzNUBzaW5hLnNvaHUuY29t,,,,,,,,,,,,,,,http://www.yixia.com/u/paike_agjusj2p48,http://yizhibo.com/member/personel/user_info?memberid=70699648&nest_url=,,,,,,,,
蘑菇张-NKU,http://weibo.com/u/1828697841,,http://www.mafengwo.cn/u/5094364.html,http://www.qyer.com/u/1308889/travel/,https://lvyou.baidu.com/user/50aac712862abf2cf6d53b64,http://you.ctrip.com/members/D4C0AAB152B34F91AE102BE3A763850E/journals,,,,,,,,,,,,http://baijiahao.baidu.com/u?app_id=1548951033114678,,,,,,,,,,,,http://www.yixia.com/u/paike_zh79cibc98,http://www.yizhibo.com/member/personel/user_info?memberid=27241851&nest_url=,,,,,,,,
陆建华摄影,http://weibo.com/u/1301596887,,,,,http://you.ctrip.com/members/7E4EBF9E6E404AD8AE5276C689FAA194/journals?token=A63AC625901DD5E214120BA0DEE4976BD640FB90FCCB6201,,http://go.ly.com/user/publish/11859e3d2e1829a50f16fcd19d89d10f/,http://my.lotour.com/i/5521372,,,http://lvyou.elong.com/5243705/,http://kuaibao.qq.com/s/MEDIANEWSLIST?chlid=5050711,http://www.toutiao.com/m4001004701/,http://mp.sohu.com/profile?xpt=MTMwMTU5Njg4N0BzaW5hLnNvaHUuY29t,http://www.yidianzixun.com/home?page=channel&id=m139823,,,,,,,,http://m13338789152.blog.163.com/manage/,,,,http://i.youku.com/i/UNDMzMjI0OTM3Ng==?spm=a2h0k.8191405.0.0.vJ97Zp,,http://www.yixia.com/u/paike_zximxlr463,,,,,,,,,
北石同学,http://weibo.com/u/1724212444,,http://www.mafengwo.cn/u/19156318.html,http://www.qyer.com/u/5684426,,http://you.ctrip.com/members/bbbf3929482843b88a07908864ce26cf,,,http://zhuanlan.lotour.com/120,,,,http://file.api.b.qq.com/bl/cgi-bin/bar/extra/jump2pa?uin=2687539961&account_flag=33626420&jumptype=1&card_type=public_account,http://www.toutiao.com/m4267709688/,http://mp.i.sohu.com/profile?xpt=MTcyNDIxMjQ0NEBzaW5hLnNvaHUuY29t,http://mp.yidianzixun.com/,,,,http://mp.uc.cn/dashboard/contents/publish,http://blog.sina.com.cn/u/1724212444,,,,,,,,http://www.meipai.com/user/45330652,http://www.yixia.com/u/paike_esxtwahwih,http://www.yizhibo.com/member/personel/user_info?memberid=42848543&nest_url=,http://yuba.douyu.com/594210,,http://www.huajiao.com/p/34514757?platform=android&reference=qq&qd=qq&userid=50069780&from=3,,,,,
呆呆strajectory,http://weibo.com/u/2795980052,,http://www.mafengwo.cn/u/78139115.html,,,,,,,,,,,,,,,,,,,,,,,,,,http://www.meipai.com/user/34748643,http://www.yixia.com/u/paike_eeb1n2np9v,,,,,,,,,
斯里兰卡小妞,http://weibo.com/srilanka001?refer_flag=1001030101_,,,,,,,,,,,,http://kuaibao.qq.com/s/MEDIANEWSLIST?chlid=5061748,http://www.toutiao.com/m5889874033/,http://mp.sohu.com/profile?xpt=MTk5Nzg5NDIxM0BzaW5hLnNvaHUuY29t,http://www.yidianzixun.com/home?page=channel&id=m70502,,,,http://a.mp.uc.cn/media.html?mid=179594d6173f4e9a99d86a5bb60d495f&uc_biz_str=S:custom%7CC:iflow_ncmt&uc_param_str=frdnsnpfvecpntnwprdssskt&from=,,,,,,,,,,http://www.yixia.com/u/paike_y6papxhcvx,http://www.yizhibo.com/member/personel/user_info?memberid=53795112&nest_url=,,,,,,,,
矛盾王子,http://weibo.com/u/1579389731,,,,,,,,,,,,,,,,,,,,,,,,,,,,,,,,,,,,,,
老常拍古建,http://weibo.com/u/3565383093,,,,,,,,,,,,,,,,,http://baijiahao.baidu.com/u?app_id=1550245934838554,,,,,,,,,,,,,,,,,,,,,
方片7,http://weibo.com/u/1597480722,,http://www.mafengwo.cn/u/43132393.html,,,,,,,http://travel.qunar.com/space/151921656@qunar,,,,http://www.toutiao.com/m3803445943/,http://3g.k.sohu.com/t/n161358654,,,,,,http://blog.sina.com.cn/fangpian7,,,,,,,,,http://www.yixia.com/u/paike_wav2zgg3zh,http://www.yizhibo.com/member/personel/user_info?memberid=77748424&nest_url=,,,,,,,,
Thomas看看世界,http://weibo.com/u/3069844914,,http://www.mafengwo.cn/u/thomaskksj.html,http://www.qyer.com/u/6810866,,,,,,http://travel.qunar.com/space/219532081@qunar,,,,http://m.toutiao.com/m50079806222/,,,,,,,,,,,,,,,,http://www.yixia.com/u/paike_u2syaeff6i,,,,,,,,,
Abby45,http://weibo.com/u/1416671622,,http://www.mafengwo.cn/u/5017331.html,,,http://you.ctrip.com/members/abby5,http://www.tuniu.com/person/98D662A47B739E3810E21987E8FB0D8B,http://go.ly.com/user/1b25e68bd54bbeac1e196b9d46dac9f2/,http://zhuanlan.lotour.com/172/,,,http://lvyou.elong.com/abby/,http://kuaibao.qq.com/s/MEDIANEWSLIST?chlid=5030377,http://www.toutiao.com/m4087686556/,http://mp.sohu.com/profile?xpt=MTQxNjY3MTYyMkBzaW5hLnNvaHUuY29t,http://www.yidianzixun.com/home?page=channel&id=m127024,,,,,,,,,,,,http://i.youku.com/i/UOTI4MzU5ODg=?spm=a2h0k.8191407.0.0,,http://www.miaopai.com/u/paike_is5egywx6d,http://yizhibo.com/member/personel/user_info?memberid=40014072&nest_url=,,,,,,,,
林晶莹Lily,http://weibo.com/u/1719984830,,http://www.mafengwo.cn/u/50948302.html,http://www.qyer.com/u/3672757,https://lvyou.baidu.com/user/1c9c982f934434bc37de4ac4,http://you.ctrip.com/members/linaimemory,http://www.tuniu.com/person/EA0F3F469D4D6CD08F4925C3F00B0FCC,http://go.ly.com/user/f89008d85b7a94846648e532aacd7d55/,http://zhuanlan.lotour.com/1445/,http://travel.qunar.com/space/147279025@qunar,,,,http://www.toutiao.com/m6261013916/,http://mp.sohu.com/profile?xpt=cHBhZzUyNTA2OWJmNzhlOUBzb2h1LmNvbQ==,,,,,,http://blog.sina.com.cn/u/1719984830,,,,,,,,,,http://yizhibo.com/member/personel/user_info?memberid=36611304&nest_url=,,,,,,,,
请叫我安大侠,http://weibo.com/u/1634656533,,,,,,,,,,,,,,,,,,,,,,,,,,,,,,http://www.yizhibo.com/member/personel/user_info?memberid=85330708&nest_url=,,,,,,,,
行者马健,http://weibo.com/u/5684987014?refer_flag=1001030101_,,,,,,,,,,,,,http://www.toutiao.com/m6704063704/,,,,,,,,,,,,,,,,http://www.yixia.com/u/wxsso_cf12cnmegf,,,,,,,,,
吴晖,http://weibo.com/u/1389024564,,http://www.mafengwo.cn/u/manyouren.html,,,http://you.ctrip.com/members/manyouren,http://www.tuniu.com/person/B81197847DC7231CCBE484971E89BB88,http://go.ly.com/user/3d0f9d5628198100470b50957ba11666/,http://zhuanlan.lotour.com/2218/,http://travel.qunar.com/space/152226336@qunar,http://www.lvmama.com/trip/user/1390,http://lvyou.elong.com/manyouren,,http://www.toutiao.com/m3685867477/,http://mp.sohu.com/profile?xpt=MTM4OTAyNDU2NEBzaW5hLnNvaHUuY29t,http://www.yidianzixun.com/home/t/aHR0cDovL3d3dy55aWRpYW56aXh1bi5jb20vY2hhbm5lbC93LyVFNiU4NSVBMiVFNiVCOCVCOCVFNCVCQSVCQSVFNSU5MCVCNCVFNiU5OSU5Ng==,,,,,http://blog.sina.com.cn/u/1389024564,http://t.qq.com/hnsealove,http://hiwuhui.blog.sohu.com/,,,,,,,http://www.yixia.com/u/paike_9bduy01xrk,http://yizhibo.com/member/personel/user_info?memberid=50524625&nest_url=,,,,,,,,
王超irwin,http://weibo.com/u/1644207680,,http://www.mafengwo.cn/u/1179698.html,http://www.qyer.com/u/3732723,,,,,,http://tips.qunar.com/user/profile/967905.htm,,,,http://www.toutiao.com/m4284565075/,http://mp.sohu.com/profile?xpt=aXJ3aW5fd0Bzb2h1LmNvbQ==,,,,,,,,,,,,,http://i.youku.com/i/UOTU1NjcxNjA=?spm=a2hzp.8244740.0.0.4RpHXG,,http://www.yixia.com/u/paike_hohmer3ysq,http://yizhibo.com/member/personel/user_info?memberid=1780713&nest_url=,,,,,,,,
杨舒涵-YOUNG,http://weibo.com/u/1660265323,,http://www.mafengwo.cn/u/young861205.html,,,http://you.ctrip.com/members/E221E7C0ED364362A4D93DEF1C654303,http://www.tuniu.com/person/E31E864181EDE4C7F33411D60F983871,http://go.ly.com/user/publish/1265cc71eb5d60d10cd052955f77cdb6,,http://travel.qunar.com/space/169513041@qunar,,,,,,,,,,,,,,,,,,,http://www.meipai.com/user/1026575454,,http://www.yizhibo.com/member/personel/user_info?memberid=56864862&nest_url=,,,,,,,,
我就是吹风,http://weibo.com/u/1450707092,,http://www.mafengwo.cn/u/62297660.html,,http://lvyou.baidu.com/user/566598eedf1e815e4ac37478,http://you.ctrip.com/members/1C79F0A63B03460AB0B87438AF5AC7F2/journals,http://www.tuniu.com/person/8EB0DB95EB1B99BB2B6F7D92B6C4A5BD,http://go.ly.com/user/publish/cb2596e582dc9924f84b431c20f17769/,http://zhuanlan.lotour.com/870/,,http://www.lvmama.com/trip/user/5455,,http://kuaibao.qq.com/s/MEDIANEWSLIST?chlid=5165070,http://www.toutiao.com/m5850452017/,http://mp.sohu.com/profile?xpt=MTQ1MDcwNzA5MkBzaW5hLnNvaHUuY29t,http://www.yidianzixun.com/home?page=channel&id=m189594,http://baijiahao.baidu.com/u?app_id=1550345867313480&fr=bjharticle,,http://k.sina.cn/media_1450707092.html?vt=4&m=68b1523511de73165f806e00b5d4a542&sudaref=xui.ptlogin2.qq.com&retcode=0,,,,,,,,,,,http://www.miaopai.com/u/paike_fyoyebt655,,,,,,,,,
团子E菲,http://weibo.com/u/1691991065,,http://www.mafengwo.cn/u/38551864.html,http://www.qyer.com/u/7137649,https://lvyou.baidu.com/user/e2eda649e7c00e40bf144548,http://you.ctrip.com/members/tuanzi,http://www.tuniu.com/person/CC526A66AF52FA65E149C3A35EA403B1,http://go.ly.com/user/14f279235e16d54a69613c489410db64/,http://zhuanlan.lotour.com/907/,http://travel.qunar.com/space/166664797@qunar,,,,http://www.toutiao.com/m51033582112/,http://mp.sohu.com/profile?xpt=MTY5MTk5MTA2NUBzaW5hLnNvaHUuY29t,http://www.yidianzixun.com/home?page=channel&id=m204379,,,,,,,,,,,,,,http://www.yixia.com/u/tpsso_k30ct1n9rz,http://www.yizhibo.com/member/personel/user_info?memberid=71066447&nest_url=,,,,,,,,
湖北宋君,http://weibo.com/u/5105160004,,http://www.mafengwo.cn/u/77068946/note.html,,https://lvyou.baidu.com/user/notes/d1bffc48b7f088f424ccb42b,,,,http://zhuanlan.lotour.com/1563/,,,,,http://www.toutiao.com/m4115911191/,http://mp.sohu.com/profile?xpt=NTEwNTE2MDAwNEBzaW5hLnNvaHUuY29t,,,http://baijiahao.baidu.com/u?app_id=1549970983450519,,,,,,,,,,,,http://www.yixia.com/u/paike_9x0kjnshgb,http://www.yizhibo.com/member/personel/user_info?memberid=42881485&nest_url=,,,,,,,,
菜尾蝗-旅行摄影,http://weibo.com/u/1240183873,,http://www.mafengwo.cn/u/10519252.html,,https://lvyou.baidu.com/user/5c0f9e0c90a3b8299a0cfd3e,http://you.ctrip.com/members/rickycai870,,,http://zhuanlan.lotour.com/312/,,,http://lvyou.elong.com/5809354/,http://kuaibao.qq.com/s/MEDIANEWSLIST?chlid=5093835,http://www.toutiao.com/m4203961138/,http://mp.sohu.com/profile?xpt=cmlja3k4NzBAc29odS5jb20=,,,,,,http://blog.sina.com.cn/ricky870,,,,,http://my.tv.sohu.com/user/260217493,http://v.qq.com/vplus/3a91e236514a636e8cd6e6189ae90664,http://i.youku.com/i/UMjA4NzkyMTA5Ng==,,http://www.yixia.com/u/paike_i3dj1y6e8r,http://www.yizhibo.com/member/personel/user_info?memberid=29835748&nest_url=,,,,,,,,
志远天下行,http://weibo.com/u/1401247560,,http://www.mafengwo.cn/u/zytxxx.html,,https://lvyou.baidu.com/user/cd9fbeb40d1dff3325d7c462,http://you.ctrip.com/members/zytxx,,http://go.ly.com/user/3d0e3e5f582158f8121a26d0d927db7b/,http://my.lotour.com/i/1242522,http://travel.qunar.com/space/138208756@qunar,http://www.lvmama.com/trip/user/566,http://lvyou.elong.com/5426014/,http://kuaibao.qq.com/s/MEDIANEWSLIST?chlid=5040902,http://www.toutiao.com/m5901142846/,http://mp.sohu.com/profile?xpt=emhhbmppeXVhbkBzb2h1LmNvbQ==,http://mp.yidianzixun.com/,,,,,http://blog.sina.com.cn/zhiyuantianxiaxing,,,,,,,,,http://www.yixia.com/u/paike_j1zedf4vom,http://yizhibo.com/member/personel/user_info?memberid=42135665,,,,,,,,
摄影师满星,http://weibo.com/u/1027765705,,,,,http://you.ctrip.com/members/xiaomanxing,http://www.tuniu.com/person/BA428C809287A85450FCD4EAE0084B65,http://go.ly.com/user/0c7cbeed677149015c9556e6606fe85b/,,http://travel.qunar.com/space/144330751@qunar,http://www.lvmama.com/trip/user/2404,,,http://www.toutiao.com/m5842963596/,,,,,,,http://blog.sina.com.cn/xiaomanxing,,,,,,,,,http://www.yixia.com/u/paike_ktchrgssi7,http://www.yizhibo.com/member/personel/user_info?memberid=89281947&nest_url=,,,,,,,,
爱色的小眼睛,http://weibo.com/dickygz?refer_flag=1001030101_,,,,,,,,,,,,,,,,,,,,,,,,,,,,,,http://yizhibo.com/member/personel/user_info?memberid=58601736&nest_url=,,,,,,,,
Vihike,http://weibo.com/u/1221045561,,,,,,,,,,,,,,,,,,,,,,,,,,,,,,,,,,,,,,
奔跑的小东东,http://weibo.com/u/2446074883,,,,https://lvyou.baidu.com/user/c8c98d83d6df1b643a62d737,,http://www.tuniu.com/person/89A0B792FF4DF92AF25249E52FF65BFF,,,http://travel.qunar.com/space/158329081@qunar,http://www.lvmama.com/trip/user/4659,,,http://www.toutiao.com/m50389378183/,http://mp.sohu.com/profile?xpt=MjQ0NjA3NDg4M0BzaW5hLnNvaHUuY29t,,,http://baijiahao.baidu.com/u?app_id=1547227724787827,,,,,,,,,,,,,http://yizhibo.com/member/personel/user_info?memberid=34972839&nest_url=,,,,,,,,
爱幻想的sasa,http://weibo.com/u/1272644901,,http://www.mafengwo.cn/u/5217865.html,http://www.qyer.com/u/1292190,https://lvyou.baidu.com/user/notes/65ee99fc60eaf7e321c54ee8,http://you.ctrip.com/members/E362841E3D454940ACE9602AAF3FF526,,,,http://travel.qunar.com/space/4371054@qunar,,,,http://www.toutiao.com/m52300499054/,,,,,,,http://blog.sina.com.cn/u/1272644901,,,,,,,,http://www.meipai.com/user/1131344,,http://yizhibo.com/member/personel/user_info?memberid=30387809&nest_url=,,,,,,,,
石小龙,http://weibo.com/u/1568545474,,,,,,,,,,,,,,,,,,,,,,,,,,,,,,,,,,,,,,
张家界旅行周怀柏,http://weibo.com/u/1641014082,,,,,,,,,,,,,,,,,http://baijiahao.baidu.com/u?app_id=1549985636505309,,,,,,,,,,,,,,,,,,,,,
摄影师one,http://weibo.com/u/1678777395,,http://www.mafengwo.cn/u/5029534.html,,,,,,,http://travel.qunar.com/space/211969398@qunar,,,,http://www.toutiao.com/m3690079933/,,,,http://baijiahao.baidu.com/u?app_id=1549881228584225,,,,,,,,,,,http://www.meipai.com/user/1138701,http://www.yixia.com/u/qqsso_0avgdt3ocs,http://yizhibo.com/member/personel/user_info?memberid=10265331&nest_url=,https://www.douyu.com/1512908,,,,,,,
沙漠玫瑰_,http://weibo.com/u/1438123671,,http://www.mafengwo.cn/u/17341906.html,http://www.qyer.com/u/474911,,,,,,,,http://lvyou.elong.com/furui1011/,,http://www.toutiao.com/m50306223665/,,,,,,,http://blog.sina.com.cn/furui1011,,,,,,,,,http://www.yixia.com/u/paike_mxfmdzv2yd,http://yizhibo.com/member/personel/user_info?memberid=47152066&nest_url=,,,,,,,,
跟我游丽江,http://weibo.com/u/1513446353,,,,,,,,,,,,,,,,,,,,,,,,,,,,,,,,,,,,,,
科罗廖夫,http://weibo.com/u/1403915120,,,,,,,,,,,,,,,,,,,,,,,,,,,,,,,,,,,,,,
大飞-SHADOW,http://weibo.com/u/1655637612,,,,,,,,,,,,,,,,,,,,,,,,,,,,,,,,,,,,,,
White小晴,http://weibo.com/u/1786993324,,http://www.mafengwo.cn/u/bw080119.html,,,http://you.ctrip.com/members/jqzys080119,,,http://my.lotour.com/5643001/,http://travel.qunar.com/space/3586912@qunar,,,,,,,,,,,,,,,,,,,,,http://yizhibo.com/member/personel/user_info?memberid=45380492&nest_url=,,,,,,,,
jennynui,http://weibo.com/u/1636174957,,http://www.mafengwo.cn/u/85324353.html,http://www.qyer.com/u/1164312,https://lvyou.baidu.com/user/notes/25fe1a0277240bb50a92adee,http://you.ctrip.com/members/6D4A49C0849C4D75BD97A2E3E7D920BC/journals,http://www.tuniu.com/person/trips/4DABAC2A938ED32E7A64C8167967B2F9,http://go.ly.com/user/6f42b8d96a63d1dbbef716ff88d76795/,http://my.lotour.com/i/5348078,http://travel.qunar.com/space/notes/1861024@qunar,http://www.lvmama.com/trip/user/1379,,,http://www.toutiao.com/m5475340713/,http://mp.sohu.com/profile?xpt=amVubnludWlAc29odS5jb20=,http://www.yidianzixun.com/home?page=channel&id=m185356,,,,,,,,,,,,,,http://www.yixia.com/u/paike_9tac7tzklw,http://www.yizhibo.com/member/personel/user_info?memberid=39912450&nest_url=,,,http://www.huajiao.com/user/58321454,,,,,
ayuyou,http://weibo.com/u/1731756293,,http://www.mafengwo.cn/u/5110334.html,,,,,,,,,,,,,,,,,,,,,,,,,,,,http://www.yizhibo.com/member/personel/user_info?memberid=172648&nest_url=,,,,,,,,
尼泊尔龙树之心,http://weibo.com/u/1661362304,,,,,,,,,,,,,,,,,,,,,,,,,,,,,,,,,,,,,,
巴伐利亚酒神_Toydivision,http://weibo.com/u/1614245971,,,,,,,,,,,,,,,,,,,,,,,,,,,,,,,,,,,,,,
行者老湖,http://weibo.com/sz19631121,,http://www.mafengwo.cn/u/326520.html,,,http://you.ctrip.com/members/10EF2C3999DE4F81BC0AC902B451C435,,,,,,http://lvyou.elong.com/h33330015,http://dy.qq.com/list-user.htm?chlid=5052249,http://www.toutiao.com/m4098707612/,http://mp.i.sohu.com/1790048760/profile,http://www.yidianzixun.com/home?page=channel&id=m131519,,,,,http://blog.sina.com.cn/u/1790048760,http://t.qq.com/brandywoo,,,http://sz19631121.blog.hexun.com/,,,,,http://www.miaopai.com/u/paike_74ur75fv2w,http://yizhibo.com/member/personel/user_info?memberid=27364642,,,,,,,,
另维,http://weibo.com/jnliving,,,,,,,,,,,,,,,,,,,,,,,,,,,,,http://www.yixia.com/u/paike_4ee82183v7,http://yizhibo.com/member/personel/user_info?memberid=42074681,,,,,,,,
狐狸猫amei,http://weibo.com/u/1730863767,,,,https://lvyou.baidu.com/user/6a8921e0d18e332ad4b1a5a1,http://you.ctrip.com/members/41CCD9979148431D975ADDFFF9B75C6D,,http://go.ly.com/user/publish/7ff7fb2f9662ceed440e504eb6f17a31,http://zhuanlan.lotour.com/70/,http://travel.qunar.com/space/143459604@qunar,,,,http://www.toutiao.com/m5803758187/,http://mp.sohu.com/profile?xpt=aHVsaW1hb2FtZWlAc29odS5jb20=,,,,,,http://blog.sina.com.cn/u/1730863767,,,,,,,,http://www.meipai.com/user/1005825,http://www.yixia.com/u/paike_t93fcgwl08,http://www.yizhibo.com/member/personel/user_info?memberid=24498403&nest_url=,,,,,,,,
xuanr78,http://weibo.com/u/1234772200,,,,,,,,,,,,,,,,,,,,,,,,,,,,,,,,,,,,,,
老鼠皇帝首席村妇,http://weibo.com/u/1413142663,,,,,,,,,,,,,http://www.toutiao.com/m5356076432/,http://mp.sohu.com/profile?xpt=eXV4aWFvaGFuMTIzQHNpbmEuY29t,,,http://baijiahao.baidu.com/u?app_id=1554295462166030,http://k.sina.cn/article_1413142663_543ad887001002qh9.html?from=travel&vt=4,,,,,,,,,,,http://www.miaopai.com/u/paike_fzeiqqelg5,,,,,,,,,
青春河边巢,http://weibo.com/samsonlulu,,http://www.mafengwo.cn/u/samsonlulu.html,,https://lvyou.baidu.com/user/d2472721608be849724ab7a6,http://you.ctrip.com/members/4F0F666B978644F28BC2CAD7F03E8ECB,http://www.tuniu.com/person/trips/B4C559A1FF8EE501D1BE7941CF0F049A,http://go.ly.com/travels/member/person.html?uid=617385c0aa1885d60683cc4a279bbc4d,http://zhuanlan.lotour.com/551/,http://travel.qunar.com/space/1859012@qunar,,http://lvyou.elong.com/4854707/,,,,http://www.yidianzixun.com/home?page=channel&id=m120030,http://qingchun.baijia.baidu.com/,,,,,,,,,,,,http://www.meipai.com/user/1015929690,http://www.yixia.com/u/paike_2papize9c4,http://yizhibo.com/member/personel/user_info?memberid=32086788,,,,,,,,
一只马叔,http://weibo.com/511678611?refer_flag=1001030101_,,,,,,,,,,,,,,,,,,,,,,,,,,,,,,,,,,,,,,
我就是八爪,http://weibo.com/u/1968721147,,,,,,,,,,,,,,,,,,,,,,,,,,,,,,http://yizhibo.com/member/personel/user_info?memberid=38711642&nest_url=,,,,,,,,
微驴友约旅游,http://weibo.com/2189608911?refer_flag=1001030101_,,,,,,,,,,,,,,,,,,,,,,,,,,,,,,,,,,,,,,
劭龙零度,http://weibo.com/u/1768020875,,http://www.mafengwo.cn/u/71028018.html,,,http://you.ctrip.com/members/shaolonglingdu/journals,http://www.tuniu.com/person/120A5F4BAD191844D6F65C8D27D82A84,http://go.ly.com/user/remark/48da04280162b2b44196459f7a6b31e8/,,http://travel.qunar.com/space/notes/377079@qunar,http://www.lvmama.com/trip/user/883,,http://kuaibao.qq.com/s/MEDIANEWSLIST?chlid=5097143,http://www.toutiao.com/m5574501746/,,http://www.yidianzixun.com/home?page=channel&id=m96831,http://baijiahao.baidu.com/u?app_id=1550503166556888&fr=bjharticle,http://baijiahao.baidu.com/u?app_id=1550503166556888,http://k.sina.cn/media_1768020875.html?vt=4&m=e76648b031ff29ef442be2843a4f9dbf,http://a.mp.uc.cn/media.html?mid=d9649a93511c46ac951833af093b02a1&uc_biz_str=S:custom%7CC:iflow_ncmt&uc_param_str=frdnsnpfvecpntnwprdssskt&from=,http://blog.sina.com.cn/u/1768020875,,,,,,,,,http://www.yixia.com/u/paike_c3y1vuglp0,http://yizhibo.com/member/personel/user_info?memberid=37040799&nest_url=,,,,,,,,
旅游摄影师王天浩,http://weibo.com/2044957395?refer_flag=1001030101_,,,,,,,,,,,,,,,,,,,,,,,,,,,,,,,,,,,,,,
旅游美片分享,http://weibo.com/u/3914947329?refer_flag=1001030101_,,,,,,,,,,,,,,,,,,,,,,,,,,,,,,,,,,,,,,
伊豆姑姑,http://weibo.com/u/1843088037?refer_flag=1005055013_,,,,,,,,,,,,,,,,,,,,,,,,,,,,,http://www.yixia.com/u/paike_4y6r4grkhj,http://www.yizhibo.com/member/personel/user_info?memberid=107855791&nest_url=,,,,,,,,
哈先生Ha,http://weibo.com/stschina,,http://www.mafengwo.cn/u/89888129.html,,,,,http://go.ly.com/travels/member/index.html?uid=98c341bfa720b5e8cbcee21d23fecb20,,http://travel.qunar.com/space/6860662@qunar,,,,http://m.toutiao.com/profile/53257464921/,,,,,,,,,,,,,,,,http://www.yixia.com/u/paike_5akw8igs8f,http://yizhibo.com/member/personel/user_info?memberid=109604175,,,,,,,,
一路Y-Y,http://weibo.com/u/6004946955,,http://www.mafengwo.cn/u/5225694.html,http://www.qyer.com/u/1159047,,,,,,,,,,,,,,,,,,,,,,,,,,,,,,,,,,,
旅行局长波杰克,http://weibo.com/u/5995316676?refer_flag=1001030101_,,,,,,,,,,,,,,,,,,,,,,,,,,,,,,,,,,,,,,
草原900,http://weibo.com/u/1286891293,,http://www.mafengwo.cn/u/19130841.html,,,http://you.ctrip.com/members/xu900,,,http://zhuanlan.lotour.com/151/,,,,http://kuaibao.qq.com/s/MEDIANEWSLIST?chlid=5088973,http://www.toutiao.com/m3527485939/,http://mp.sohu.com/profile?xpt=MTI4Njg5MTI5M0BzaW5hLnNvaHUuY29t,http://www.yidianzixun.com/home?page=channel&keyword=草原900,,,http://k.sina.cn/article_1286891293_4cb4671d001001smk.html?from=travel&vt=4,,http://blog.sina.com.cn/u/1286891293,,,http://xioo900.blog.163.com/,,,,http://i.youku.com/i/UNDAyODk1MTcxMg==?spm=a2h0k.8191405.0.0.qkIXS6,http://www.meipai.com/user/34390642,http://www.yixia.com/u/paike_8j7y00c2eo,http://yizhibo.com/member/personel/user_info?memberid=45412189,,,,,,,,
幻想家japaul,http://weibo.com/japaul?refer_flag=1001030101_,,http://www.mafengwo.cn/u/63760012.html,,,http://you.ctrip.com/members/B0645CDD58174F7F999BD6B149C88B0B/journals,,http://go.ly.com/user/publish/b3acf46da3d8d158ee2b6c75fe51487d,,,,,,,http://mp.i.sohu.com/1651665455/profile,,,,,,,,http://www-japaul-com.blog.sohu.com/,,,,,http://i.youku.com/i/UMzM2Nzc5OTI0?spm=a2h0k.8191405.0.0.o9zdMK,http://www.meipai.com/user/46623375,http://www.yixia.com/u/paike_6w3ces9d5h,,,,,,https://live.hongdoulive.com/room/952806587305558019,,,
老炮叔叔,http://weibo.com/u/1912549072?refer_flag=1001030101_,,,,,,,,,,,,,,,,,,,,,,,,,,,,,,,,,,,,,,
姜曼曼Tse,http://weibo.com/u/1740797750?refer_flag=1001030101_,,,,,,,,,,,,,,,,,,,,,,,,,,,,,,,,,,,,,,
文小象,http://weibo.com/wxxhlovelife?refer_flag=1001030101_,,,,,,,,,,,,,,,,,,,,,,,,,,,,,,,,,,,,,,
一柄锈剑,http://weibo.com/sword7?refer_flag=1001030101_,,,,,,,,,,,,,,,,,,,,,,,,,,,,,,,,,,,,,,
添喜lucklily,http://weibo.com/172bb?refer_flag=1001030101_,,,,,,,,,,,,,,,,,,,,,,,,,,,,,,,,,,,,,,
江涛视觉,http://weibo.com/345013904?refer_flag=1001030101_,,,,,,,,,,,,,,,,,,,,,,,,,,,,,,,,,,,,,,
独行侠H,http://weibo.com/h62926?refer_flag=1001030101_,,,,,,,,,,,,,,,,,,,,,,,,,,,,,,,,,,,,,,
Sugar的漫游时光,http://weibo.com/138080824?refer_flag=1001030101_,,,,,,,,,,,,,,,,,,,,,,,,,,,,,,,,,,,,,,
by_左手,http://weibo.com/zuoshouxm?refer_flag=1001030101_,,,,,,,,,,,,,,,,,,,,,,,,,,,,,,,,,,,,,,
行走de世界,http://weibo.com/sywuzi?refer_flag=1001030101_,,,,,,,,,,,,,,,,,,,,,,,,,,,,,,,,,,,,,,
-皓柯-,http://weibo.com/DJHAOKE?refer_flag=1001030101_,,,,,,,,,,,,,,,,,,,,,,,,,,,,,,,,,,,,,,
当桑,http://weibo.com/wezero?refer_flag=1001030101_,,,,,,,,,,,,,,,,,,,,,,,,,,,,,,,,,,,,,,
心的旅行,http://weibo.com/10474101?refer_flag=1001030101_,,,,,,,,,,,,,,,,,,,,,,,,,,,,,,,,,,,,,,
旌阳,http://weibo.com/u/1644448590?refer_flag=1005055013_,,,,,,,,,,,,,,,,,,,,,,,,,,,,,,,,,,,,,,
ziska招招,http://weibo.com/111989318?refer_flag=1001030101_,,,,,,,,,,,,,,,,,,,,,,,,,,,,,,,,,,,,,,
伊凡leo,http://weibo.com/360163?refer_flag=1001030101_,,,,,,,,,,,,,,,,,,,,,,,,,,,,,,,,,,,,,,
红叶哥-贾富,http://weibo.com/jiafu?refer_flag=1001030101_,,,,,,,,,,,,,,,,,,,,,,,,,,,,,,,,,,,,,,
村里人yf,http://weibo.com/u/1926527072,,,,,,,,,,,,,,,,,,,,,,,,,,,,,,,,,,,,,,
曹晟康看世界,http://weibo.com/u/2795488483?refer_flag=1001030101_,,,,,,,,,,,,,,,,,,,,,,,,,,,,,,,,,,,,,,
卓美卓玛,http://weibo.com/u/5994754571,,,,,,,,,,,,,,,,,,,,,,,,,,,,,,,,,,,,,,
哪里值得旅游,http://weibo.com/tongchengweilvyou?refer_flag=1001030101_,,,,,,,,,,,,,,,,,,,,,,,,,,,,,,,,,,,,,,
旅游科长,http://weibo.com/208128999?refer_flag=1001030101_,,,,,,,,,,,,,,,,,,,,,,,,,,,,,,,,,,,,,,
薜科,http://weibo.com/arcoing,,,,,,,,,,,,,,,,,,,,,,,,,,,,,,,,,,,,,,
唐伯虎2012,http://weibo.com/tangbohu2012,,,,,,,,,,,,,,,,,,,,,,,,,,,,,,,,,,,,,,
旅行攻略君,http://weibo.com/u/5752648533?refer_flag=1001030101_,,,,,,,,,,,,,,,,,,,,,,,,,,,,,,,,,,,,,,
行者李飞,http://weibo.com/206898992?refer_flag=1001030101_,,,,,,,,,,,,,,,,,,,,,,,,,,,,,,,,,,,,,,
甜欣小姐,http://weibo.com/cunningchang,,,,,,,,,,,,,,,,,,,,,,,,,,,,,,,,,,,,,,
阿笨汽车观察,http://weibo.com/u/1658941163,,,,,,,,,,,,,,,,,,,,,,,,,,,,,,,,,,,,,,
塞外黑嘴,http://weibo.com/526567707?refer_flag=1001030101_,,,,,,,,,,,,,,,,,,,,,,,,,,,,,,,,,,,,,,
刚行路上,http://weibo.com/210262?refer_flag=1005055013_,,,,,,,,,,,,,http://www.toutiao.com/m5745277376/,http://mp.sohu.com/profile?xpt=MTQ2NDkyMDAwMEBzaW5hLnNvaHUuY29t,,,http://baijiahao.baidu.com/u?app_id=1540983512317603,,,,,,,,,,http://i.youku.com/i/UMzI1NTY3NTgwNA==,,http://www.yixia.com/u/paike_qqhpstse6a,http://www.yizhibo.com/member/personel/user_info?memberid=34131725&nest_url=,,,,,,,,
游笑天,http://weibo.com/u/1227781440,,http://www.mafengwo.cn/u/668015.html,,,http://you.ctrip.com/members/youxiaotian,http://www.tuniu.com/person/C9CEEF1B5E09F0939C48058D0EB3D9EA,http://go.ly.com/user/publish/d7439df20cc47322dbf19fdf572a84ab/,http://zhuanlan.lotour.com/919/,,http://www.lvmama.com/trip/user/4797,http://lvyou.elong.com/16564/,,,,,,,,,http://blog.sina.com.cn/u/1227781440,,,,,,,,,http://www.yixia.com/u/paike_y4w4dueo12,http://yizhibo.com/member/personel/user_info?memberid=73141826&nest_url=,,,,,,,,
KiKiWiWi看世界,http://weibo.com/sunshengkai,,,,,,,,,,,,,,,,,,,,,,,,,,,,,,,,,,,,,,
素走世界,http://weibo.com/u/1265357020,,,,,,,,,,,,,,,,,,,,,,,,,,,,,,,,,,,,,,
,,,,,,,,,,,,,,,,,,,,,,,,,,,,,,,,,,,,,,,
,,,,,,,,,,,,,,,,,,,,,,,,,,,,,,,,,,,,,,,
,,,,,,,,,,,,,,,,,,,,,,,,,,,,,,,,,,,,,,,
,,,,,,,,,,,,,,,,,,,,,,,,,,,,,,,,,,,,,,,
,,,,,,,,,,,,,,,,,,,,,,,,,,,,,,,,,,,,,,,
,,,,,,,,,,,,,,,,,,,,,,,,,,,,,,,,,,,,,,,
,,,,,,,,,,,,,,,,,,,,,,,,,,,,,,,,,,,,,,,
,,,,,,,,,,,,,,,,,,,,,,,,,,,,,,,,,,,,,,,
,,,,,,,,,,,,,,,,,,,,,,,,,,,,,,,,,,,,,,,
,,,,,,,,,,,,,,,,,,,,,,,,,,,,,,,,,,,,,,,
,,,,,,,,,,,,,,,,,,,,,,,,,,,,,,,,,,,,,,,
,,,,,,,,,,,,,,,,,,,,,,,,,,,,,,,,,,,,,,,
,,,,,,,,,,,,,,,,,,,,,,,,,,,,,,,,,,,,,,,
,,,,,,,,,,,,,,,,,,,,,,,,,,,,,,,,,,,,,,,
,,,,,,,,,,,,,,,,,,,,,,,,,,,,,,,,,,,,,,,
,,,,,,,,,,,,,,,,,,,,,,,,,,,,,,,,,,,,,,,
,,,,,,,,,,,,,,,,,,,,,,,,,,,,,,,,,,,,,,,
,,,,,,,,,,,,,,,,,,,,,,,,,,,,,,,,,,,,,,,
,,,,,,,,,,,,,,,,,,,,,,,,,,,,,,,,,,,,,,,
,,,,,,,,,,,,,,,,,,,,,,,,,,,,,,,,,,,,,,,
,,,,,,,,,,,,,,,,,,,,,,,,,,,,,,,,,,,,,,,
,,,,,,,,,,,,,,,,,,,,,,,,,,,,,,,,,,,,,,,
,,,,,,,,,,,,,,,,,,,,,,,,,,,,,,,,,,,,,,,
,,,,,,,,,,,,,,,,,,,,,,,,,,,,,,,,,,,,,,,
,,,,,,,,,,,,,,,,,,,,,,,,,,,,,,,,,,,,,,,
,,,,,,,,,,,,,,,,,,,,,,,,,,,,,,,,,,,,,,,
,,,,,,,,,,,,,,,,,,,,,,,,,,,,,,,,,,,,,,,
,,,,,,,,,,,,,,,,,,,,,,,,,,,,,,,,,,,,,,,
,,,,,,,,,,,,,,,,,,,,,,,,,,,,,,,,,,,,,,,
,,,,,,,,,,,,,,,,,,,,,,,,,,,,,,,,,,,,,,,
,,,,,,,,,,,,,,,,,,,,,,,,,,,,,,,,,,,,,,,
,,,,,,,,,,,,,,,,,,,,,,,,,,,,,,,,,,,,,,,
,,,,,,,,,,,,,,,,,,,,,,,,,,,,,,,,,,,,,,,
,,,,,,,,,,,,,,,,,,,,,,,,,,,,,,,,,,,,,,,